{
  "name": "John Doe",
  "title": "Full Stack Developer & Creative Designer",
  "description": "Crafting exceptional digital experiences with modern technologies and creative solutions that drive business growth.",
  "location": "San Francisco, CA",
  "email": "john@example.com",
  "phone": "+1 (555) 123-4567",
  "github": "https://github.com/johndoe",
  "linkedin": "https://linkedin.com/in/johndoe",
  "twitter": "https://twitter.com/johndoe",
  "dribbble": "https://dribbble.com/johndoe",
  "experience": "5+ Years",
  "languages": ["English", "Spanish", "French"],
  "availability": "Available for new projects",
  "timezone": "PST (UTC-8)",
  "response_time": "24 hours",
  "bio": "Started as a curious developer exploring web technologies, now specializing in full-stack development with a focus on React, Node.js, and modern design principles.",
  "experience_timeline": [
    {
      "year": "2023 - Present",
      "title": "Senior Full Stack Developer",
      "company": "TechCorp Inc.",
      "color": "primary"
    },
    {
      "year": "2021 - 2023",
      "title": "Frontend Developer",
      "company": "StartupXYZ",
      "color": "purple"
    },
    {
      "year": "2019 - 2021",
      "title": "Junior Developer",
      "company": "WebAgency",
      "color": "cyan"
    }
  ],
  "certifications": [
    {
      "name": "AWS Certified Developer",
      "provider": "Amazon",
      "level": "Associate"
    },
    {
      "name": "Google Cloud Professional",
      "provider": "Google",
      "level": "Cloud Architect"
    },
    {
      "name": "Microsoft Azure",
      "provider": "Microsoft",
      "level": "Solutions Architect"
    }
  ]
}
