[
  {
    "id": 1,
    "title": "E-Commerce Platform",
    "description": "Modern e-commerce solution built with React, Node.js, and PostgreSQL. Features include real-time inventory, payment integration, and admin dashboard.",
    "image": "https://images.unsplash.com/photo-1556742049-0cfed4f6a45d?ixlib=rb-4.0.3&auto=format&fit=crop&w=800&h=600",
    "technologies": ["React", "Node.js", "PostgreSQL", "Stripe"],
    "github": "https://github.com/johndoe/ecommerce",
    "demo": "https://ecommerce-demo.com",
    "category": "web",
    "featured": true
  },
  {
    "id": 2,
    "title": "Task Management App",
    "description": "Cross-platform mobile app for team collaboration and task management. Built with React Native and Firebase for real-time synchronization.",
    "image": "https://images.unsplash.com/photo-1512941937669-90a1b58e7e9c?ixlib=rb-4.0.3&auto=format&fit=crop&w=800&h=600",
    "technologies": ["React Native", "Firebase", "TypeScript"],
    "github": "https://github.com/johndoe/taskapp",
    "demo": "https://taskapp-demo.com",
    "category": "mobile",
    "featured": true
  },
  {
    "id": 3,
    "title": "Analytics Dashboard",
    "description": "Comprehensive analytics dashboard with interactive charts, real-time data visualization, and responsive design for business intelligence.",
    "image": "https://images.unsplash.com/photo-1551288049-bebda4e38f71?ixlib=rb-4.0.3&auto=format&fit=crop&w=800&h=600",
    "technologies": ["React", "D3.js", "Tailwind CSS"],
    "github": "https://github.com/johndoe/dashboard",
    "demo": "https://dashboard-demo.com",
    "category": "ui",
    "featured": false
  }
]
