[
  {
    "id": 1,
    "name": "React",
    "level": 95,
    "category": "frontend",
    "icon": "fab fa-react"
  },
  {
    "id": 2,
    "name": "Node.js",
    "level": 92,
    "category": "backend",
    "icon": "fab fa-node-js"
  },
  {
    "id": 3,
    "name": "TypeScript",
    "level": 90,
    "category": "frontend",
    "icon": "fab fa-js"
  },
  {
    "id": 4,
    "name": "Python",
    "level": 85,
    "category": "backend",
    "icon": "fab fa-python"
  },
  {
    "id": 5,
    "name": "Docker",
    "level": 87,
    "category": "devops",
    "icon": "fab fa-docker"
  },
  {
    "id": 6,
    "name": "AWS",
    "level": 83,
    "category": "devops",
    "icon": "fab fa-aws"
  },
  {
    "id": 7,
    "name": "MongoDB",
    "level": 80,
    "category": "backend",
    "icon": "fas fa-database"
  },
  {
    "id": 8,
    "name": "Git",
    "level": 90,
    "category": "devops",
    "icon": "fab fa-git-alt"
  }
]
